,Provider,TotalClaimCount,TotalInscClaimAmtReimbursed,AvgInscClaimAmtReimbursed,TotalDeductibleAmtPaid,AvgDeductibleAmtPaid,UniqueBeneficiaryCount,AvgClaimDuration,AvgLengthOfStay,NumChronicConditions_Mean,PotentialFraud,PredictedFraud,ActualFraud
2301,PRV53872,231,170480,738.008658008658,10072.0,43.6017316017316,142,1.41991341991342,4.777777777777778,4.70995670995671,0,1,0
1486,PRV52842,445,396510,891.0337078651686,26692.0,59.98202247191011,263,1.4764044943820225,4.75,4.231460674157304,0,1,0
3540,PRV55443,38,341390,8983.947368421053,30972.0,837.081081081081,34,5.842105263157895,6.8,5.2631578947368425,0,1,0
3979,PRV55978,401,957490,2387.755610972569,95074.0,239.48110831234257,342,2.478802992518703,6.065217391304348,4.773067331670823,0,1,0
339,PRV51431,49,236720,4831.0204081632655,25932.0,540.25,42,5.448979591836735,6.2,4.979591836734694,0,1,0
