,Provider,TotalClaimCount,TotalInscClaimAmtReimbursed,AvgInscClaimAmtReimbursed,TotalDeductibleAmtPaid,AvgDeductibleAmtPaid,UniqueBeneficiaryCount,AvgClaimDuration,AvgLengthOfStay,NumChronicConditions_Mean,PotentialFraud,PredictedFraud,ActualFraud
4471,PRV56591,143,135460,947.2727272727273,17388.0,121.5944055944056,87,1.979020979020979,4.8125,4.86013986013986,1,0,1
2242,PRV53787,74,303480,4101.081081081081,34176.0,461.8378378378378,74,2.8378378378378377,4.9375,5.121621621621622,1,0,1
4449,PRV56566,176,68110,386.9886363636364,1648.0,9.363636363636363,63,0.9829545454545454,8.0,4.744318181818182,1,0,1
5060,PRV57335,807,284670,352.75092936802974,5204.0,6.448574969021066,306,1.572490706319703,10.0,4.223048327137547,1,0,1
1507,PRV52868,110,434120,3946.5454545454554,44926.0,408.4181818181818,93,3.309090909090909,5.071428571428571,4.363636363636363,1,0,1
